Metric,Baseline,LLM,Improvement
Accuracy,0.6,0.32,-0.27999999999999997
Precision,0.9189814814814815,0.24849953831948293,-0.6704819431619986
Recall,0.8825378787878787,0.2719298245614035,-0.6106080542264751
F1-Score,0.9003910645631298,0.25968725317396396,-0.6407038113891659
JSON Validity Rate,1.0,1.0,0.0
Successful Predictions,50.0,50.0,0.0
